path,prompt_id,occasion,category,archetype,timestamp_utc,word_count,brand_count,feature_count,brands,features
output/occasion_0/prompt_00.json,prompt_00,0,electronics,budget_constrained_recommendation,2026-07-03T15:28:43.865949+00:00,274,12,13,acer nitro 16; amazon; amd ryzen 7 7735hs; asus tuf gaming a15; asus tuf gaming a16; best buy; intel core i5-12450hx; intel core i5-13500hx; lenovo loq 15; newegg; rtx 4050; rtx 4060,battery life; build quality; cpu; gaming performance/fps; gpu; price; ram; refresh rate; resolution; screen size; storage; thermals; weight
output/occasion_0/prompt_01.json,prompt_01,0,home_and_garden,superlative_constraint,2026-07-03T15:28:54.431347+00:00,264,6,10,dyson v12; dyson v15; lg cordzero a9 kompressor; miele triflex hx2; shark; tineco pure one s15,battery life; dust detection; maneuverability; noise level; price; runtime; self-emptying dust compartment; soft-close dust bin door; suction; weight
output/occasion_0/prompt_02.json,prompt_02,0,baby_and_gear,multi_constraint_comparison,2026-07-03T15:29:08.584035+00:00,114,2,10,baby jogger city tour 2; ergobaby metro+,canopy; car seat compatibility; fold; handlebar; price; recline; ride quality; suspension; tires; weight
output/occasion_0/prompt_03.json,prompt_03,0,gift,persona_based,2026-07-03T15:29:16.108304+00:00,213,5,8,"""master baiter"" t-shirt; ""world's okayest fisherman"" t-shirt; deeper start smart fish finder; fishing tackle box with a flask built in; rapala x-rap jointed shad 09",bluetooth connectivity; depth detection; fish attraction; fish location detection; humor/novelty design; price; storage; versatility
output/occasion_0/prompt_04.json,prompt_04,0,sports_and_outdoor,deal_and_discount,2026-07-03T15:29:25.358559+00:00,282,18,6,adidas; asics gel-cumulus; asics gel-cumulus 25; asics gel-nimbus; asos; brooks ghost; champion; dsw; facebook marketplace; new balance; nike pegasus 40; nike.com; puma; road runner sports; running warehouse; sheerid; student beans; unidays,clearance availability; comfort; cushioning; discount percentage; durability; price
output/occasion_0/prompt_05.json,prompt_05,0,beauty,affordable_recommendation,2026-07-03T15:29:33.524516+00:00,254,4,19,aveeno daily moisturizing lotion; cerave moisturizing cream; la roche-posay toleriane double repair face moisturizer; vanicream moisturizing cream,availability; ceramides content; colloidal oatmeal; dermatologist developed; dye-free; formaldehyde-free; fragrance-free; glycerin; hyaluronic acid; hydration; irritation risk; lanolin-free; niacinamide; non-comedogenic; packaging format; paraben-free; patch-test recommendation; price; texture/weight
output/occasion_0/prompt_06.json,prompt_06,0,kitchen_and_appliances,head_to_head_comparison,2026-07-03T15:29:43.471291+00:00,271,2,10,ninja professional plus blender (bn701); vitamix e310 explorian,dishwasher-safe parts; durability/lifespan; ice crushing; motor power; noise level; price; size/weight; texture smoothness; versatility; warranty
output/occasion_0/prompt_07.json,prompt_07,0,sports_and_outdoor,beginner_budget_recommendation,2026-07-03T15:29:52.481610+00:00,242,6,8,cannondale caad optimo 3; giant contend 3; shimano claris; shimano tourney; specialized allez; trek domane al 2,disc brakes; drivetrain/groupset; fit; frame material; geometry; price; ride comfort; weight
output/occasion_0/prompt_08.json,prompt_08,0,electronics,flagship_comparison,2026-07-03T15:30:03.842488+00:00,363,4,11,galaxy s24+; iphone 15; iphone 15 pro max; samsung galaxy s24 ultra,battery life; camera quality; charging speed; color accuracy; ecosystem compatibility; price; s pen stylus; screen size; software update support; video recording; zoom
output/occasion_0/prompt_09.json,prompt_09,0,tools_and_diy,decisive_best_pick,2026-07-03T15:30:11.617863+00:00,211,1,10,dewalt dcd777c2,"battery interchangeability; battery life; brushless motor; durability; gearbox speed settings; kit contents (batteries, charger, case); price; runtime; torque; weight/compactness"
output/occasion_1/prompt_00.json,prompt_00,1,electronics,budget_constrained_recommendation,2026-07-03T15:30:21.539033+00:00,274,12,10,acer nitro 5; amazon; amd ryzen 5 7535hs; amd ryzen 7 7735hs; asus tuf gaming a15; best buy; intel core i5-13420h; intel core i5-13450hx; lenovo loq 15; newegg; nvidia rtx 4050; nvidia rtx 4060,build quality; cooling system; cpu; gaming performance; gpu; price; ram; refresh rate; screen size; storage
output/occasion_1/prompt_01.json,prompt_01,1,home_and_garden,superlative_constraint,2026-07-03T15:30:31.153251+00:00,283,8,8,dyson v10; dyson v11; dyson v15; dyson v15 detect; dyson v8; miele triflex hx2; shark; tineco pure one s11,build quality; dustbin capacity; floor type compatibility; led display; noise level; power modes; price; suction power
output/occasion_1/prompt_02.json,prompt_02,1,baby_and_gear,multi_constraint_comparison,2026-07-03T15:30:40.816754+00:00,265,3,9,baby jogger city tour 2; ergobaby metro+ deluxe; uppababy minu v2,car seat compatibility; city handling; fold; price; recline; storage; weight; weight capacity; wheels/suspension
output/occasion_1/prompt_03.json,prompt_03,1,gift,persona_based,2026-07-03T15:30:49.916338+00:00,273,7,14,berkley gulp! alive!; deeper start smart fish finder; fishbrain pro; plano tackle organizer; rapala x-rap; world's okayest fisherman gift set; zoom trick worms,bait effectiveness; best fishing times; bluetooth connectivity; crowd-sourced fishing spots; fish location detection; humor; lure variety; no installation required; price; scent-infused bait; tackle organization; water depth measurement; water temperature measurement; weather patterns
output/occasion_1/prompt_04.json,prompt_04,1,sports_and_outdoor,deal_and_discount,2026-07-03T15:30:59.883185+00:00,262,17,6,adidas; asics; asics gel-cumulus 25; asics gel-kayano; asics gel-nimbus; dsw; honey; new balance; new balance fresh foam 1080; nike; nike outlet; nike revolution 6/7; retailmenot; running warehouse; student beans; under armour; unidays,cushioning; discount stacking; durability; price; stock availability; student discount
output/occasion_1/prompt_05.json,prompt_05,1,beauty,affordable_recommendation,2026-07-03T15:31:09.932879+00:00,237,4,9,cerave daily moisturizing lotion; cerave moisturizing cream; cetaphil moisturizing cream; vanicream moisturizing cream,availability; ceramides; fragrance-free; glycerin; hyaluronic acid; ingredient list simplicity; non-comedogenic; price; texture/thickness
output/occasion_1/prompt_06.json,prompt_06,1,kitchen_and_appliances,head_to_head_comparison,2026-07-03T15:31:19.494035+00:00,249,5,10,ninja foodi power blender; ninja professional plus bl642; ninja professional plus bl770; vitamix a3500; vitamix e310 explorian,customer support; durability/lifespan; food processor attachment; motor power; noise level; price; size/footprint; texture smoothness; versatility; warranty
output/occasion_1/prompt_07.json,prompt_07,1,sports_and_outdoor,beginner_budget_recommendation,2026-07-03T15:31:28.725737+00:00,259,6,10,cannondale caad optimo 3; giant contend 3; shimano claris; shimano sora; shimano tourney; trek domane al 2,bike fit/sizing; disc brakes; drivetrain; fork material; frame material; geometry; price; stiffness-to-weight ratio; tire clearance; warranty service
output/occasion_1/prompt_08.json,prompt_08,1,electronics,flagship_comparison,2026-07-03T15:31:39.327064+00:00,313,2,10,iphone 16 pro max; samsung galaxy s24 ultra,battery life; camera quality; charging speed; color accuracy; ecosystem integration; low-light performance; s pen stylus; software support; video quality; zoom
output/occasion_1/prompt_09.json,prompt_09,1,tools_and_diy,decisive_best_pick,2026-07-03T15:31:47.074309+00:00,200,2,9,black+decker ldx120c; dewalt dcd777c1,battery ecosystem compatibility; brushless motor; kit contents; led work light; parts/service availability; price; speed settings; warranty; weight/compactness
output/occasion_2/prompt_00.json,prompt_00,2,electronics,budget_constrained_recommendation,2026-07-03T15:31:55.812834+00:00,223,4,11,acer nitro v 15; asus tuf gaming a15; hp victus 15; lenovo loq 15,build quality; cpu; gaming performance; gpu; ports; price; ram; refresh rate; screen size; storage; thermals
output/occasion_2/prompt_01.json,prompt_01,2,home_and_garden,superlative_constraint,2026-07-03T15:32:04.624902+00:00,244,5,8,dyson v12; dyson v15; lg cordzero a9 kompressor; miele triflex hx2; tineco pure one s15,attachments; battery life; dust compaction; noise level; pet hair performance; price; quiet mode; suction power
output/occasion_2/prompt_02.json,prompt_02,2,baby_and_gear,multi_constraint_comparison,2026-07-03T15:32:16.391156+00:00,313,2,8,baby jogger city mini gt2; gb pockit+ all-terrain,all-terrain handling; fold size; price; recline; seat size; storage basket space; weight; weight limit
output/occasion_2/prompt_03.json,prompt_03,2,gift,persona_based,2026-07-03T15:32:26.524037+00:00,304,7,8,bajio; berkley gulp!; costa del mar; deeper chirp+ 2 smart sonar; field & stream; plano; rapala,depth detection; fish location detection; glare reduction; lure variety; organization; price; scent; water visibility
output/occasion_2/prompt_04.json,prompt_04,2,sports_and_outdoor,deal_and_discount,2026-07-03T15:32:37.642612+00:00,292,15,5,adidas; asics; asics gel-excite; brooks ghost; dsw vip; honey; new balance; nike; nike pegasus; nike revolution 6/7; rakuten; retailmenot; saucony ride; student beans; unidays,cashback; cushioning; discount stacking; price; student discount
output/occasion_2/prompt_05.json,prompt_05,2,beauty,affordable_recommendation,2026-07-03T15:32:45.119953+00:00,235,4,12,aveeno daily moisturizing lotion; cerave moisturizing cream; cetaphil rich hydrating cream; vanicream moisturizing cream,24-hour hydration; ceramides; colloidal oatmeal; dermatologist recommended; fragrance-free; hyaluronic acid; ingredient list; niacinamide; non-comedogenic; price; skin barrier repair; texture
output/occasion_2/prompt_06.json,prompt_06,2,kitchen_and_appliances,head_to_head_comparison,2026-07-03T15:32:54.006814+00:00,260,2,9,ninja professional plus blender with auto-iq (bn751); vitamix e310 explorian,"dishwasher-safe parts; durability/lifespan; footprint/size; ice/frozen fruit crushing; power (watts); presets; price; versatility (nut butters, soups, flour milling); warranty"
output/occasion_2/prompt_07.json,prompt_07,2,sports_and_outdoor,beginner_budget_recommendation,2026-07-03T15:33:03.588553+00:00,269,6,9,cannondale caad optimo 3; giant contend 3; shimano claris; shimano tourney; specialized allez; trek domane al 2,disc brakes; fit sizing; frame material; geometry; groupset; price; ride quality; stopping power; weight
output/occasion_2/prompt_08.json,prompt_08,2,electronics,flagship_comparison,2026-07-03T15:33:14.653782+00:00,344,2,11,iphone 16 pro max; samsung galaxy s24 ultra,battery life; camera quality; charging speed; color science; hdr; operating system customization; s pen stylus; screen-on time; software support; video recording; zoom
output/occasion_2/prompt_09.json,prompt_09,2,tools_and_diy,decisive_best_pick,2026-07-03T15:33:22.207715+00:00,188,2,7,dewalt dcd771c2; ryobi one+ 18v drill/driver kit,battery ecosystem compatibility; durability/reliability; included accessories; power; price; speed settings; weight/compactness
output/occasion_3/prompt_00.json,prompt_00,3,electronics,budget_constrained_recommendation,2026-07-03T15:33:31.532682+00:00,240,12,11,acer nitro 16 (an16-41); amazon; amd ryzen 7 7735hs; asus; asus tuf gaming a16; best buy; hp; lenovo legion; newegg; nvidia rtx 4060; rtx 3050; rtx 4050,build quality/durability; cooling performance; cpu; display resolution; frame rates; gpu/vram; price; ram; refresh rate; screen size; storage capacity
output/occasion_3/prompt_01.json,prompt_01,3,home_and_garden,superlative_constraint,2026-07-03T15:33:39.944235+00:00,256,5,9,dyson v12; dyson v15; lg cordzero a9; miele triflex hx2; tineco pure one s15,app connectivity; battery life; display; dust bin emptying; floor type adaptability; noise level; price; suction power; weight
output/occasion_3/prompt_02.json,prompt_02,3,baby_and_gear,multi_constraint_comparison,2026-07-03T15:33:49.936216+00:00,304,3,8,baby jogger city tour 2; ergobaby metro+; uppababy minu v2,canopy; fold; maneuverability; price; recline; ride quality; seat padding; weight
output/occasion_3/prompt_03.json,prompt_03,3,gift,persona_based,2026-07-03T15:34:00.073251+00:00,277,8,7,berkley gulp!; garmin striker 4; mystery tackle box; plano; rapala; rapala original floater; rapala x-rap; yeti rambler,bait realism/scent; fish locating capability; personalization/customization; price; subscription frequency; tackle organization; temperature retention
output/occasion_3/prompt_04.json,prompt_04,3,sports_and_outdoor,deal_and_discount,2026-07-03T15:34:10.946407+00:00,287,18,5,asics gel-excite 10; asics.com; brooks ghost 15/16; capital one shopping; dick's sporting goods; dsw; ebay; kohl's; new balance fresh foam arishi; nike; old navy; poshmark; rakuten; road runner sports; running warehouse; student beans; under armour; unidays,cashback; clearance sales; cushioning; price; student discount
output/occasion_3/prompt_05.json,prompt_05,3,beauty,affordable_recommendation,2026-07-03T15:34:19.977145+00:00,247,4,15,aveeno daily moisturizing lotion; cerave moisturizing cream; la roche-posay toleriane double repair; vanicream moisturizing cream,ceramides; colloidal oatmeal; dye-free; fragrance-free; hyaluronic acid; ingredient list simplicity; lanolin-free; niacinamide; non-comedogenic; paraben-free; price; suitability for eczema/rosacea; suitability for sensitive skin; texture; time-released moisture
output/occasion_3/prompt_06.json,prompt_06,3,kitchen_and_appliances,head_to_head_comparison,2026-07-03T15:34:29.731723+00:00,277,3,8,ninja professional plus (bn751); vitamix a2300; vitamix e310 explorian,dishwasher-safe parts; durability/lifespan; motor power; presets; price; texture quality; variable speed control; warranty
output/occasion_3/prompt_07.json,prompt_07,3,sports_and_outdoor,beginner_budget_recommendation,2026-07-03T15:34:39.266347+00:00,280,5,12,cannondale caad optimo 2; giant contend 3; shimano claris; specialized allez; trek domane al 2,component groupset; drivetrain; fit/sizing; fork material; frame material; geometry; price; resale value; seatpost; tire clearance; vibration damping; weight
output/occasion_3/prompt_08.json,prompt_08,3,electronics,flagship_comparison,2026-07-03T15:34:50.664211+00:00,383,2,14,iphone 16 pro max; samsung galaxy s24 ultra,battery life; camera quality; charging speed; color accuracy; customization; detail retention/cropping; ecosystem; low light performance; price; resale value; s pen; software support; video quality; zoom
output/occasion_3/prompt_09.json,prompt_09,3,tools_and_diy,decisive_best_pick,2026-07-03T15:34:57.564811+00:00,190,1,6,dewalt dcd771c2,battery ecosystem; durability/reliability; included accessories; price; size/weight; torque/power
output/occasion_4/prompt_00.json,prompt_00,4,electronics,budget_constrained_recommendation,2026-07-03T15:35:07.629706+00:00,234,11,11,acer nitro v 15; amazon; amd ryzen 7 7735hs; asus tuf gaming a15; best buy; intel i5-13450hx; lenovo loq 15; newegg; nvidia rtx 4050; nvidia rtx 4060; ryzen 5 7535hs,build durability; cpu; display size; dlss 3 support; gpu; price; ram; refresh rate; resolution; storage; thermals
output/occasion_4/prompt_01.json,prompt_01,4,home_and_garden,superlative_constraint,2026-07-03T15:35:17.036703+00:00,267,5,7,dyson v15/v11; lg cordzero a9 kompressor; miele triflex hx2; shark; tineco pure one s11,noise level; price; quiet mode; self-standing feature; smart display; sound quality; suction power
output/occasion_4/prompt_02.json,prompt_02,4,baby_and_gear,multi_constraint_comparison,2026-07-03T15:35:26.065943+00:00,246,2,13,ergobaby metro+ city stroller; joovy zoom x2,canopy/uv protection; car seat compatibility; fold size; leg rest; one-hand fold; price; recline position; self-standing fold; storage basket; turning radius; weight; weight capacity; wheel performance
output/occasion_4/prompt_03.json,prompt_03,4,gift,persona_based,2026-07-03T15:35:35.034850+00:00,255,3,7,berkley gulp!; deeper start smart sonar; plano,depth detection; fish location; portability; price; scent; smartphone app connectivity; waterproofing
output/occasion_4/prompt_04.json,prompt_04,4,sports_and_outdoor,deal_and_discount,2026-07-03T15:35:45.481646+00:00,291,17,9,adidas; asics; asics gel-excite 10; brooks; brooks ghost 15; dsw; fleet feet; id.me; new balance; new balance fresh foam arishi; nike; nike outlet; nike pegasus 40; road runner sports; student beans; under armour; unidays,cushioning; durability; email signup discounts; end-of-season sales; price; running style (neutral vs stability); sales/discounts; student discounts; terrain (road vs trail)
output/occasion_4/prompt_05.json,prompt_05,4,beauty,affordable_recommendation,2026-07-03T15:35:52.224705+00:00,208,4,13,aveeno calm + restore oat gel moisturizer; cerave moisturizing cream; la roche-posay toleriane double repair; vanicream moisturizing cream,availability; colloidal oatmeal; contains ceramides; contains hyaluronic acid; contains niacinamide; fragrance-free; ingredient list; non-comedogenic; price; suitable for eczema-prone skin; suitable for redness/rosacea; suitable for sensitive skin; texture
output/occasion_4/prompt_06.json,prompt_06,4,kitchen_and_appliances,head_to_head_comparison,2026-07-03T15:36:00.818821+00:00,265,4,8,ninja foodi power blender; ninja professional plus; vitamix; vitamix e310 explorian,accessories/containers; durability/lifespan; ease of cleaning; motor power; price; texture/consistency; versatility; warranty
output/occasion_4/prompt_07.json,prompt_07,4,sports_and_outdoor,beginner_budget_recommendation,2026-07-03T15:36:09.842668+00:00,259,6,7,cannondale caad optimo; giant contend 3; shimano claris; shimano sora; specialized allez; trek domane al 2,disc brakes; drivetrain; frame material; geometry; price; ride quality; vibration damping
output/occasion_4/prompt_08.json,prompt_08,4,electronics,flagship_comparison,2026-07-03T15:36:20.333577+00:00,318,2,10,iphone 16 pro max; samsung galaxy s24 ultra,battery life; camera quality; charging speed; color tone; customization; ecosystem integration; s pen stylus; software support; video recording; zoom
output/occasion_4/prompt_09.json,prompt_09,4,tools_and_diy,decisive_best_pick,2026-07-03T15:36:28.444379+00:00,184,1,8,dewalt dcd771c2,battery life; brand reliability; chuck size; ecosystem compatibility; power; price; variable speed trigger; weight
output/occasion_5/prompt_00.json,prompt_00,5,electronics,budget_constrained_recommendation,2026-07-03T15:36:37.685969+00:00,246,13,10,acer nitro 16; amazon; amd ryzen 7 7735hs; asus tuf gaming a15; asus tuf gaming f15; best buy; intel core i5-13500h; intel i5-13450hx; lenovo loq 15; newegg; nvidia rtx 4060; rtx 3050; ryzen 7 7435hs,build durability; cooling performance; cpu; display size; gaming performance (fps); gpu; price; ram; refresh rate; storage
output/occasion_5/prompt_01.json,prompt_01,5,home_and_garden,superlative_constraint,2026-07-03T15:36:46.745810+00:00,283,6,7,dyson v10; dyson v15; dyson v8; miele triflex hx2; shark detect pro; tineco pure one s11,hepa filtration; noise level; power mode (eco/standard/max/boost); price; storage size; suction power; weight
output/occasion_5/prompt_02.json,prompt_02,5,baby_and_gear,multi_constraint_comparison,2026-07-03T15:36:56.685102+00:00,261,5,8,baby jogger city tour 2; bugaboo bee; chicco corely fastfold; uppababy minu v2; uppababy vista,canopy size; durability; fold size/ease of fold; price; recline; suspension/handling on uneven surfaces; weight; wheel size
output/occasion_5/prompt_03.json,prompt_03,5,gift,persona_based,2026-07-03T15:37:06.668276+00:00,289,4,7,berkley gulp! alive!; deeper start; fishbrain; rapala,bait scent; blade quality; portability; price; water depth detection; water temperature detection; waterproofing
output/occasion_5/prompt_04.json,prompt_04,5,sports_and_outdoor,deal_and_discount,2026-07-03T15:37:17.919339+00:00,297,15,6,adidas; amazon; asics gel-excite 10; brooks ghost 14; brooks ghost 15; dsw; id.me; new balance; nike outlet; nike pegasus; road runner sports; running warehouse; student beans; under armour; unidays,clearance/outlet availability; cushioning; durability; mileage/lifespan; price; student discount
output/occasion_5/prompt_05.json,prompt_05,5,beauty,affordable_recommendation,2026-07-03T15:37:26.110911+00:00,234,4,11,aveeno calm + restore oat gel moisturizer; cerave moisturizing cream; cetaphil rich hydrating cream; vanicream moisturizing cream,24-hour hydration release; ceramides; colloidal oatmeal; fragrance-free; free of dyes/lanolin/formaldehyde; hyaluronic acid; non-comedogenic; price; redness/irritation relief; size/volume; texture
output/occasion_5/prompt_06.json,prompt_06,5,kitchen_and_appliances,head_to_head_comparison,2026-07-03T15:37:36.376779+00:00,287,4,8,ninja foodi power blender & processor; ninja professional plus blender with auto-iq (bn701); vitamix 5200; vitamix e310 explorian,durability; food processing; hot blending; ice crushing; motor power; pitcher size; price; smoothie texture
output/occasion_5/prompt_07.json,prompt_07,5,sports_and_outdoor,beginner_budget_recommendation,2026-07-03T15:37:51.736686+00:00,304,5,8,cannondale caad optimo 3; giant contend 3; shimano claris; shimano sora; trek domane al 2,brakes (disc vs rim); dealer availability/warranty; drivetrain/groupset; fit/sizing; frame material; geometry/comfort; price; wet-weather stopping power
output/occasion_5/prompt_08.json,prompt_08,5,electronics,flagship_comparison,2026-07-03T15:38:01.576015+00:00,315,2,11,iphone 15 pro max; samsung galaxy s24 ultra,battery life; camera quality; charging speed; ecosystem compatibility; low-light performance; manual camera controls; photo color accuracy; price; s pen; video quality; zoom range
output/occasion_5/prompt_09.json,prompt_09,5,tools_and_diy,decisive_best_pick,2026-07-03T15:38:11.108557+00:00,240,2,7,dewalt dcd771c2; dewalt dcd791d2,battery life; brand compatibility; power; price; two-speed gearbox; warranty; weight
output/occasion_6/prompt_00.json,prompt_00,6,electronics,budget_constrained_recommendation,2026-07-03T15:38:20.514978+00:00,252,9,11,acer nitro 16; amd ryzen 7 7735hs; asus tuf gaming a15; asus tuf gaming a16; intel core i5-12450h; intel core i5-13500h; lenovo loq 15; nvidia rtx 4050; nvidia rtx 4060,build quality; cooling system; cpu; gaming performance; gpu; price; ram; refresh rate; screen resolution; screen size; storage
output/occasion_6/prompt_01.json,prompt_01,6,home_and_garden,superlative_constraint,2026-07-03T15:38:29.427295+00:00,255,5,10,dyson v11; dyson v15; lg cordzero a9; miele triflex hx2; tineco pure one s11,adjustable power modes; battery life; brush head type; charging/storage dock; display; filtration; noise level; price; suction power; weight
output/occasion_6/prompt_02.json,prompt_02,6,baby_and_gear,multi_constraint_comparison,2026-07-03T15:38:39.655502+00:00,270,3,11,ergobaby metro+ compact city stroller; gb pockit+ all-terrain; summer infant 3dpac cs+,canopy coverage; car seat compatibility; durability; fold; one-hand steering; price; recline; storage basket capacity; toddler weight capacity; weight; wheels/terrain handling
output/occasion_6/prompt_03.json,prompt_03,6,gift,persona_based,2026-07-03T15:38:49.353327+00:00,271,6,7,bass pro shops; berkley gulp!; cabela's; deeper start smart fish finder; plano guide series; rapala,durability; fish location tracking; gift card value; organization/storage; price; scent; water depth detection
output/occasion_6/prompt_04.json,prompt_04,6,sports_and_outdoor,deal_and_discount,2026-07-03T15:39:00.788646+00:00,316,14,8,asics gel-excite 10; asics gel-excite 9; asics gel-nimbus 25; brooks ghost 15; brooks ghost 16; dick's sporting goods; honey; new balance; nike revolution 6; rakuten; road runner sports; running warehouse; student beans; unidays,cashback; clearance pricing; colorway; cushioning; free returns; price; sizing; student discount
output/occasion_6/prompt_05.json,prompt_05,6,beauty,affordable_recommendation,2026-07-03T15:39:09.341243+00:00,224,5,14,aveeno calm + restore oat gel moisturizer; cerave moisturizing cream; cetaphil daily hydrating lotion; la roche-posay toleriane double repair face moisturizer; vanicream moisturizing cream,24-hour hydration; absorption; ceramides; colloidal oatmeal; dermatologist developed; fragrance-free; glycerin; hyaluronic acid; minimal ingredient list; niacinamide; non-comedogenic; price; texture; thermal spring water
output/occasion_6/prompt_06.json,prompt_06,6,kitchen_and_appliances,head_to_head_comparison,2026-07-03T15:39:17.608179+00:00,244,2,10,ninja professional plus blender with auto-iq (bn751); vitamix e310 explorian,dishwasher-safe parts; longevity; motor power; pitcher capacity; presets; price; resale value; smoothness; variable speed control; warranty
output/occasion_6/prompt_07.json,prompt_07,6,sports_and_outdoor,beginner_budget_recommendation,2026-07-03T15:39:26.805225+00:00,264,7,10,cannondale caad optimo 2; giant contend 3; shimano claris; shimano sora; shimano tourney; state bicycle co. 4130 road/all-road; trek domane al 2,availability; comfort; drivetrain/groupset; durability; fork material; frame material; geometry; handling; price; sizing/fit
output/occasion_6/prompt_08.json,prompt_08,6,electronics,flagship_comparison,2026-07-03T15:39:39.227663+00:00,367,2,15,iphone 16 pro max; samsung galaxy s24 ultra,audio mix; battery life; camera quality; charging speed; dynamic range; ecosystem integration; low-light performance; photo color accuracy; prores and log recording; s pen; screen-on time; skin tone rendering; stabilization; video quality; zoom
output/occasion_6/prompt_09.json,prompt_09,6,tools_and_diy,decisive_best_pick,2026-07-03T15:39:47.833595+00:00,222,2,8,black+decker ldx120c; dewalt dcd771c2,battery ecosystem compatibility; battery life; chuck size; durability; parts availability; power; price; weight
output/occasion_7/prompt_00.json,prompt_00,7,electronics,budget_constrained_recommendation,2026-07-03T15:39:56.782501+00:00,238,6,10,acer nitro v 15; amazon; asus tuf gaming a15 (fa507); best buy; costco; lenovo loq 15,battery life; build durability; cpu; display size; gpu; price; ram; refresh rate; storage; thermal design
output/occasion_7/prompt_01.json,prompt_01,7,home_and_garden,superlative_constraint,2026-07-03T15:40:05.549023+00:00,249,5,8,dyson v11; dyson v15; lg cordzero a9 kompressor; miele triflex hx2; tineco pure one s15,battery life; dust detection; floor surface compatibility; noise level; price; quiet mode; self-standing design; suction power
output/occasion_7/prompt_02.json,prompt_02,7,baby_and_gear,multi_constraint_comparison,2026-07-03T15:40:15.686619+00:00,265,2,12,baby jogger city tour 2; uppababy minu v2,canopy/sun protection; car seat compatibility; fold size/mechanism; footrest; maneuverability; price; recline; storage basket size; suspension; tire durability; weight; weight capacity
output/occasion_7/prompt_03.json,prompt_03,7,gift,persona_based,2026-07-03T15:40:26.888785+00:00,279,6,8,boomerang tool co. snip; deeper start smart fish finder; plano guide series 3700; pline fluorocarbon fishing line; rapala fish scale/ruler combo; rapala precision series,knot-tying; line quality; lure freshness; portability; price; smartphone connectivity; tackle organization; wifi
output/occasion_7/prompt_04.json,prompt_04,7,sports_and_outdoor,deal_and_discount,2026-07-03T15:40:37.135413+00:00,281,15,8,adidas; asics gel-excite 9; asics outlet; brooks ghost 15/16; dick's sporting goods; dsw; kohl's; new balance; nike outlet; nike revolution 6; rakuten; running warehouse; student beans; under armour; unidays,cashback; cushioning; discount stacking; durability; outlet sale; price; student discount; timing of sales
output/occasion_7/prompt_05.json,prompt_05,7,beauty,affordable_recommendation,2026-07-03T15:40:44.678000+00:00,244,4,16,cerave moisturizing cream; cetaphil moisturizing cream; la roche-posay toleriane double repair face moisturizer; vanicream moisturizing cream,availability; ceramides; dermatologist developed; dye-free; fragrance-free; glycerin; hyaluronic acid; ingredient list; lanolin-free; mve technology; niacinamide; non-comedogenic; paraben-free; price; shea butter; texture/feel
output/occasion_7/prompt_06.json,prompt_06,7,kitchen_and_appliances,head_to_head_comparison,2026-07-03T15:40:55.460868+00:00,282,4,12,ninja foodi smoothie bowl maker; ninja professional plus (bn701); nutribullet; vitamix e310 explorian,capacity for hot soups/nut butters/hard vegetables; dishwasher-safe pitcher; durability; footprint/size; motor power; noise level; presets; price; resale value; self-cleaning; texture quality; variable speed control
output/occasion_7/prompt_07.json,prompt_07,7,sports_and_outdoor,beginner_budget_recommendation,2026-07-03T15:41:05.363580+00:00,260,7,9,cannondale caad optimo; giant contend 3; shimano claris; shimano sora; shimano tourney; specialized allez; trek domane al 2,fit; fork; frame material; geometry; groupset; price; resale value; tire width; weight
output/occasion_7/prompt_08.json,prompt_08,7,electronics,flagship_comparison,2026-07-03T15:41:18.148478+00:00,386,3,12,iphone 16 pro; iphone 16 pro max; samsung galaxy s24 ultra,battery life; camera quality; charging speed; color accuracy; ecosystem; night photography; price; s pen stylus; screen size; software support; video recording; zoom
output/occasion_7/prompt_09.json,prompt_09,7,tools_and_diy,decisive_best_pick,2026-07-03T15:41:25.186242+00:00,199,4,7,amazon; dewalt dcd777c2 20v max; home depot; lowe's,battery life; brand ecosystem; compact/lightweight; power; price; reliability; torque
output/occasion_8/prompt_00.json,prompt_00,8,electronics,budget_constrained_recommendation,2026-07-03T15:41:34.827244+00:00,258,11,13,acer nitro 16; acer nitro 5; amazon; amd ryzen 7 7735hs; asus tuf gaming a15; best buy; dlss 3; intel core i5-13420h; newegg; nvidia rtx 4060; rtx 4050,build durability; cpu; display size; dlss support; frame rates; gpu; price; ram; refresh rate; refurbished discounts; storage; vram; warranty
output/occasion_8/prompt_01.json,prompt_01,8,home_and_garden,superlative_constraint,2026-07-03T15:41:44.151302+00:00,251,5,6,dyson v11; dyson v15; lg cordzero a9; miele triflex hx2; tineco pure one s11,auto-sensing suction; noise level; price; runtime; suction power; weight
output/occasion_8/prompt_02.json,prompt_02,8,baby_and_gear,multi_constraint_comparison,2026-07-03T15:41:56.665621+00:00,127,2,9,baby jogger city tour 2; ergobaby metro+ compact city stroller,canopy; fold; handlebar adjustability; price; recline; storage basket; suspension; weight; wheel size
output/occasion_8/prompt_03.json,prompt_03,8,gift,persona_based,2026-07-03T15:42:06.273986+00:00,262,6,8,berkley; deeper start; plano; powerpro; rapala; yeti rambler,bluetooth connectivity; capacity; castability; design/humor; durability; hookup rate; portability; price
output/occasion_8/prompt_04.json,prompt_04,8,sports_and_outdoor,deal_and_discount,2026-07-03T15:42:17.034012+00:00,301,19,7,adidas; asics; asics gel-excite; asics nimbus; brooks ghost; brooks ghost 15; brooks ghost 16; dick's sporting goods; id.me; new balance; new balance fresh foam arishi; nike; puma; road runner sports; running warehouse; sheerid; student beans; under armour; unidays,cushioning; discount stacking; email signup discount; outlet pricing; price; seasonal clearance; student discount
output/occasion_8/prompt_05.json,prompt_05,8,beauty,affordable_recommendation,2026-07-03T15:42:24.912590+00:00,255,4,14,aveeno daily moisturizing lotion; cerave facial moisturizing lotion pm; cerave moisturizing cream; vanicream moisturizing cream,ceramides; colloidal oatmeal; dye-free; fragrance-free; hyaluronic acid; ingredient list simplicity; lanolin-free; niacinamide; non-comedogenic; paraben-free; price; suitability for dry skin; suitability for sensitive skin; texture
output/occasion_8/prompt_06.json,prompt_06,8,kitchen_and_appliances,head_to_head_comparison,2026-07-03T15:42:35.673214+00:00,251,2,9,ninja professional plus blender with auto-iq (bn701); vitamix e310 explorian,"durability; motor power; pitcher size; preset programs; price; texture smoothness; variable speed control; versatility (soups, nut butters, hot blending); warranty"
output/occasion_8/prompt_07.json,prompt_07,8,sports_and_outdoor,beginner_budget_recommendation,2026-07-03T15:42:45.330179+00:00,297,4,8,giant contend 3; shimano claris; specialized allez; trek domane al 2,brakes; fit/sizing; frame material; geometry; groupset; handling; price; resale value
output/occasion_8/prompt_08.json,prompt_08,8,electronics,flagship_comparison,2026-07-03T15:42:55.026946+00:00,304,2,12,iphone 15 pro max; samsung galaxy s24 ultra,battery life; camera quality; charging speed; color accuracy; daylight detail; display; ecosystem; low-light performance; s pen; skin tones; video quality; zoom flexibility
output/occasion_8/prompt_09.json,prompt_09,8,tools_and_diy,decisive_best_pick,2026-07-03T15:43:03.328952+00:00,210,3,9,craftsman v20; dewalt dcd701f2; dewalt dcd771c2,battery compatibility; battery life; brand reliability; compact & lightweight design; included accessories; power; price; speed settings; warranty support
output/occasion_9/prompt_00.json,prompt_00,9,electronics,budget_constrained_recommendation,2026-07-03T15:43:12.930522+00:00,267,10,10,acer nitro v 15; amazon; amd ryzen 7 7735hs; asus tuf gaming a15; asus tuf gaming a16; best buy; lenovo loq 15; newegg; nvidia rtx 4050; nvidia rtx 4060,build durability; cpu; customer support; driver updates; gpu; price; ram; refresh rate; screen size; storage
output/occasion_9/prompt_01.json,prompt_01,9,home_and_garden,superlative_constraint,2026-07-03T15:43:21.218147+00:00,254,3,9,dyson v15 detect absolute; lg cordzero a9 kompressor; tineco pure one s15 pro,auto-empty; auto-sensing suction; battery life; build quality; laser dust detection; led display; noise level; price; suction power
output/occasion_9/prompt_02.json,prompt_02,9,baby_and_gear,multi_constraint_comparison,2026-07-03T15:43:31.176642+00:00,257,4,12,baby jogger city mini gt2; baby jogger city sights; chicco bravo quick-fold; uppababy minu v2,canopy/uv protection; fold mechanism; front wheel lock/swivel; parent console; price; recline; standing fold; storage; suspension; weight; weight capacity; wheel size
output/occasion_9/prompt_03.json,prompt_03,9,gift,persona_based,2026-07-03T15:43:41.608317+00:00,269,7,10,deeper chirp+ smart sonar; gerber; humminbird helix 5; mystery tackle box; plano; rapala lithium ion fillet knife; yeti rambler tumbler,battery type; capacity; durability; fish-finding capability; phone app sync; portability; price; tackle selection; temperature measurement; water depth measurement
output/occasion_9/prompt_04.json,prompt_04,9,sports_and_outdoor,deal_and_discount,2026-07-03T15:43:51.589707+00:00,260,18,7,adidas; adidas outlet; asics gel-contend 8; brooks ghost 15; dick's sporting goods; dsw; famous footwear; ghost 14; id.me; new balance; nike; nike outlet; nike revolution 6; road runner sports; running warehouse; scorecard; student beans; unidays,clearance deals; cushioning; fit; mileage capacity; price; student discount; support
output/occasion_9/prompt_05.json,prompt_05,9,beauty,affordable_recommendation,2026-07-03T15:43:58.758670+00:00,236,4,14,cerave moisturizing cream; cetaphil moisturizing cream; la roche-posay toleriane double repair face moisturizer; vanicream moisturizing cream,availability; ceramides; dye-free; formaldehyde-free; fragrance-free; hyaluronic acid; lanolin-free; niacinamide; non-comedogenic; occlusiveness; price; suitability for sensitive/eczema-prone skin; texture; vitamin e
output/occasion_9/prompt_06.json,prompt_06,9,kitchen_and_appliances,head_to_head_comparison,2026-07-03T15:44:07.838195+00:00,284,2,11,ninja professional plus blender (bn751); vitamix e310 explorian,"counter footprint; included accessories (to-go cups); motor longevity; noise level; pre-programmed settings; price; resale value; texture smoothness; versatility (soups, nut butters, flour milling); warranty; wattage"
output/occasion_9/prompt_07.json,prompt_07,9,sports_and_outdoor,beginner_budget_recommendation,2026-07-03T15:44:16.759676+00:00,248,6,9,cannondale caad optimo 3; giant contend 3; shimano claris; shimano tourney; specialized allez; trek domane al 2,dealer/shop support; disc brakes; fit; frame material; geometry; groupset; price; tire clearance; weight
output/occasion_9/prompt_08.json,prompt_08,9,electronics,flagship_comparison,2026-07-03T15:44:27.198154+00:00,338,2,12,iphone 16 pro max; samsung galaxy s24 ultra,battery life; camera quality; charging speed; color accuracy; customization; ecosystem; low-light performance; manual controls; resale value; skin tone rendering; video recording; zoom
output/occasion_9/prompt_09.json,prompt_09,9,tools_and_diy,decisive_best_pick,2026-07-03T15:44:35.487098+00:00,214,1,7,dewalt dcd771c2,battery life; brand reliability/durability; led work light; power; price; size/weight; speed settings
